"","suicides.100k.pop","sexfemale","sexmale","age15.24.years","age25.34.years","age35.54.years","age5.14.years","age55.74.years","age75..years"
"253",8.27,0,1,0,0,0,0,1,0
"254",5.38,0,1,0,0,1,0,0,0
"255",5.01,0,1,0,1,0,0,0,0
"256",3.94,0,1,0,0,0,0,0,1
"257",3.58,0,1,1,0,0,0,0,0
"258",3.27,1,0,0,1,0,0,0,0
"259",3.1,1,0,0,0,0,0,0,1
"260",3.04,1,0,0,0,1,0,0,0
"261",2.9,1,0,0,0,0,0,1,0
"262",2.28,1,0,1,0,0,0,0,0
"263",0.89,1,0,0,0,0,1,0,0
"264",0,0,1,0,0,0,1,0,0
"889",31.35,0,1,0,0,0,0,0,1
"890",19.77,0,1,1,0,0,0,0,0
"891",14.98,0,1,0,1,0,0,0,0
"892",14.49,0,1,0,0,0,0,1,0
"893",12.33,0,1,0,0,1,0,0,0
"894",4.47,1,0,1,0,0,0,0,0
"895",3.37,1,0,0,0,1,0,0,0
"896",3.15,1,0,0,1,0,0,0,0
"897",3.08,1,0,0,0,0,0,1,0
"898",2.75,1,0,0,0,0,0,0,1
"899",0.92,0,1,0,0,0,1,0,0
"900",0.58,1,0,0,0,0,1,0,0
"1177",11.47,0,1,0,0,0,0,0,1
"1178",6.73,0,1,0,0,0,0,1,0
"1179",4.93,0,1,0,1,0,0,0,0
"1180",4.33,0,1,0,0,1,0,0,0
"1181",3.17,0,1,1,0,0,0,0,0
"1182",2.76,1,0,0,0,0,0,1,0
"1183",2.45,1,0,0,0,0,0,0,1
"1184",1.2,1,0,0,0,0,1,0,0
"1185",1.17,1,0,0,0,1,0,0,0
"1186",1.04,0,1,0,0,0,1,0,0
"1187",0.74,1,0,1,0,0,0,0,0
"1188",0.42,1,0,0,1,0,0,0,0
"1403",25.74,0,1,0,0,1,0,0,0
"1404",23.09,0,1,0,0,0,0,1,0
"1405",9.82,1,0,0,0,0,0,1,0
"1406",0,1,0,1,0,0,0,0,0
"1407",0,1,0,0,1,0,0,0,0
"1408",0,1,0,0,0,1,0,0,0
"1409",0,1,0,0,0,0,1,0,0
"1410",0,1,0,0,0,0,0,0,1
"1411",0,0,1,1,0,0,0,0,0
"1412",0,0,1,0,1,0,0,0,0
"1413",0,0,1,0,0,0,1,0,0
"1414",0,0,1,0,0,0,0,0,1
"1715",26.52,0,1,0,0,1,0,0,0
"1716",25.94,0,1,0,0,0,0,0,1
"1717",19.36,0,1,0,1,0,0,0,0
"1718",17.55,0,1,0,0,0,0,1,0
"1719",13.71,0,1,1,0,0,0,0,0
"1720",7.28,1,0,0,0,1,0,0,0
"1721",5.95,1,0,0,1,0,0,0,0
"1722",5.34,1,0,0,0,0,0,0,1
"1723",5.26,1,0,1,0,0,0,0,0
"1724",4.94,1,0,0,0,0,0,1,0
"1725",0.49,0,1,0,0,0,1,0,0
"1726",0.3,1,0,0,0,0,1,0,0
"2087",74.87,0,1,0,0,0,0,0,1
"2088",34.24,0,1,0,0,0,0,1,0
"2089",25.07,0,1,0,0,1,0,0,0
"2090",17.55,0,1,1,0,0,0,0,0
"2091",15.65,0,1,0,1,0,0,0,0
"2092",14.38,1,0,0,0,0,0,0,1
"2093",9.75,1,0,0,0,0,0,1,0
"2094",7.9,1,0,0,0,1,0,0,0
"2095",4.64,1,0,0,1,0,0,0,0
"2096",2.8,1,0,1,0,0,0,0,0
"2097",0.46,0,1,0,0,0,1,0,0
"2098",0.24,1,0,0,0,0,1,0,0
"2589",32.36,0,1,0,0,0,0,0,1
"2590",6.29,1,0,1,0,0,0,0,0
"2591",5.96,0,1,0,0,1,0,0,0
"2592",4.72,0,1,0,0,0,0,1,0
"2593",3.98,1,0,0,0,0,0,1,0
"2594",3.13,0,1,1,0,0,0,0,0
"2595",1.88,1,0,0,0,1,0,0,0
"2596",0,1,0,0,1,0,0,0,0
"2597",0,1,0,0,0,0,1,0,0
"2598",0,1,0,0,0,0,0,0,1
"2599",0,0,1,0,1,0,0,0,0
"2600",0,0,1,0,0,0,1,0,0
"2829",3.17,0,1,0,0,1,0,0,0
"2830",2.55,0,1,0,1,0,0,0,0
"2831",2.38,0,1,0,0,0,0,1,0
"2832",1.59,1,0,0,0,1,0,0,0
"2833",1.24,1,0,1,0,0,0,0,0
"2834",0.96,1,0,0,1,0,0,0,0
"2835",0,1,0,0,0,0,1,0,0
"2836",0,1,0,0,0,0,0,1,0
"2837",0,1,0,0,0,0,0,0,1
"2838",0,0,1,1,0,0,0,0,0
"2839",0,0,1,0,0,0,1,0,0
"2840",0,0,1,0,0,0,0,0,1
"3141",7.62,0,1,0,0,1,0,0,0
"3142",0,1,0,1,0,0,0,0,0
"3143",0,1,0,0,1,0,0,0,0
"3144",0,1,0,0,0,1,0,0,0
"3145",0,1,0,0,0,0,1,0,0
"3146",0,1,0,0,0,0,0,1,0
"3147",0,1,0,0,0,0,0,0,1
"3148",0,0,1,1,0,0,0,0,0
"3149",0,0,1,0,1,0,0,0,0
"3150",0,0,1,0,0,0,1,0,0
"3151",0,0,1,0,0,0,0,1,0
"3152",0,0,1,0,0,0,0,0,1
"3393",72.34,0,1,0,0,0,0,0,1
"3394",64.19,0,1,0,0,1,0,0,0
"3395",61.52,0,1,0,0,0,0,1,0
"3396",52.77,0,1,0,1,0,0,0,0
"3397",33.91,0,1,1,0,0,0,0,0
"3398",14.34,1,0,0,0,0,0,0,1
"3399",9.78,1,0,0,0,1,0,0,0
"3400",8.39,1,0,0,1,0,0,0,0
"3401",7.6,1,0,0,0,0,0,1,0
"3402",5.83,1,0,1,0,0,0,0,0
"3403",1.08,0,1,0,0,0,1,0,0
"3404",0.23,1,0,0,0,0,1,0,0
"3741",51.69,0,1,0,0,0,0,0,1
"3742",39.45,0,1,0,0,1,0,0,0
"3743",32.82,0,1,0,0,0,0,1,0
"3744",26.42,0,1,0,1,0,0,0,0
"3745",15.7,1,0,0,0,1,0,0,0
"3746",14.96,1,0,0,0,0,0,1,0
"3747",14.77,0,1,1,0,0,0,0,0
"3748",10.74,1,0,0,0,0,0,0,1
"3749",7.21,1,0,0,1,0,0,0,0
"3750",4.94,1,0,1,0,0,0,0,0
"3751",1.14,0,1,0,0,0,1,0,0
"3752",0.34,1,0,0,0,0,1,0,0
"4077",17.31,0,1,0,0,0,0,1,0
"4078",16.63,0,1,0,1,0,0,0,0
"4079",15.27,0,1,0,0,1,0,0,0
"4080",6.18,0,1,1,0,0,0,0,0
"4081",6.09,1,0,0,0,1,0,0,0
"4082",0,1,0,1,0,0,0,0,0
"4083",0,1,0,0,1,0,0,0,0
"4084",0,1,0,0,0,0,1,0,0
"4085",0,1,0,0,0,0,0,1,0
"4086",0,1,0,0,0,0,0,0,1
"4087",0,0,1,0,0,0,1,0,0
"4088",0,0,1,0,0,0,0,0,1
"4473",19.02,0,1,0,0,0,0,0,1
"4474",11.43,0,1,0,0,0,0,1,0
"4475",10.76,0,1,0,1,0,0,0,0
"4476",10.55,0,1,0,0,1,0,0,0
"4477",7.27,0,1,1,0,0,0,0,0
"4478",3.21,1,0,0,0,1,0,0,0
"4479",2.69,1,0,0,0,0,0,1,0
"4480",2.69,1,0,0,0,0,0,0,1
"4481",2.37,1,0,0,1,0,0,0,0
"4482",2.13,1,0,1,0,0,0,0,0
"4483",0.32,0,1,0,0,0,1,0,0
"4484",0.29,1,0,0,0,0,1,0,0
"4845",61.01,0,1,0,0,0,0,0,1
"4846",27.16,0,1,0,0,0,0,1,0
"4847",19.09,0,1,0,0,1,0,0,0
"4848",16.36,1,0,0,0,0,0,0,1
"4849",10.06,0,1,0,1,0,0,0,0
"4850",7.56,1,0,0,0,0,0,1,0
"4851",7.49,0,1,1,0,0,0,0,0
"4852",5.37,1,0,0,0,1,0,0,0
"4853",2.05,1,0,0,1,0,0,0,0
"4854",1.8,1,0,1,0,0,0,0,0
"4855",0.3,0,1,0,0,0,1,0,0
"4856",0,1,0,0,0,0,1,0,0
"5217",25.39,0,1,0,0,1,0,0,0
"5218",21.79,0,1,0,0,0,0,0,1
"5219",20.7,0,1,0,0,0,0,1,0
"5220",17.28,0,1,0,1,0,0,0,0
"5221",15.73,0,1,1,0,0,0,0,0
"5222",7.97,1,0,0,0,1,0,0,0
"5223",6.75,1,0,0,0,0,0,1,0
"5224",6.59,1,0,0,1,0,0,0,0
"5225",5.13,1,0,1,0,0,0,0,0
"5226",3.64,1,0,0,0,0,0,0,1
"5227",0.99,0,1,0,0,0,1,0,0
"5228",0.71,1,0,0,0,0,1,0,0
"5565",40.59,0,1,0,0,0,0,0,1
"5566",26.05,0,1,0,0,1,0,0,0
"5567",23.8,0,1,0,1,0,0,0,0
"5568",23.48,0,1,0,0,0,0,1,0
"5569",21.83,0,1,1,0,0,0,0,0
"5570",6.47,1,0,1,0,0,0,0,0
"5571",6.39,1,0,0,0,1,0,0,0
"5572",6.2,1,0,0,1,0,0,0,0
"5573",3.44,1,0,0,0,0,0,1,0
"5574",2.47,1,0,0,0,0,0,0,1
"5575",1.37,0,1,0,0,0,1,0,0
"5576",0.79,1,0,0,0,0,1,0,0
"5937",15.54,0,1,0,0,0,0,0,1
"5938",11.54,0,1,0,1,0,0,0,0
"5939",11.23,0,1,1,0,0,0,0,0
"5940",9.63,0,1,0,0,0,0,1,0
"5941",8.2,0,1,0,0,1,0,0,0
"5942",4.5,1,0,1,0,0,0,0,0
"5943",2.03,1,0,0,1,0,0,0,0
"5944",1.19,1,0,0,0,1,0,0,0
"5945",0.98,0,1,0,0,0,1,0,0
"5946",0.97,1,0,0,0,0,1,0,0
"5947",0.84,1,0,0,0,0,0,0,1
"5948",0.59,1,0,0,0,0,0,1,0
"6309",19.92,0,1,0,1,0,0,0,0
"6310",18.24,0,1,0,0,1,0,0,0
"6311",13.09,0,1,0,0,0,0,1,0
"6312",12.09,0,1,0,0,0,0,0,1
"6313",9.52,0,1,1,0,0,0,0,0
"6314",3.29,1,0,0,1,0,0,0,0
"6315",2.7,1,0,0,0,1,0,0,0
"6316",2.47,1,0,1,0,0,0,0,0
"6317",1.74,1,0,0,0,0,0,1,0
"6318",1.29,0,1,0,0,0,1,0,0
"6319",0,1,0,0,0,0,1,0,0
"6320",0,1,0,0,0,0,0,0,1
"6549",86.69,0,1,0,0,0,0,0,1
"6550",46.55,0,1,0,0,0,0,1,0
"6551",29.9,0,1,0,0,1,0,0,0
"6552",20.75,1,0,0,0,0,0,0,1
"6553",14.66,0,1,1,0,0,0,0,0
"6554",13.9,0,1,0,1,0,0,0,0
"6555",13.84,1,0,0,0,0,0,1,0
"6556",7.97,1,0,0,0,1,0,0,0
"6557",4.97,1,0,1,0,0,0,0,0
"6558",2.29,1,0,0,1,0,0,0,0
"6559",0.45,1,0,0,0,0,1,0,0
"6560",0,0,1,0,0,0,1,0,0
"6847",78.23,0,1,0,0,0,0,0,1
"6848",38.45,0,1,0,0,0,0,1,0
"6849",25.05,0,1,0,0,1,0,0,0
"6850",14.36,0,1,0,1,0,0,0,0
"6851",14.12,1,0,0,0,0,0,1,0
"6852",11.75,1,0,0,0,0,0,0,1
"6853",8.2,0,1,1,0,0,0,0,0
"6854",5.54,1,0,0,0,1,0,0,0
"6855",2.47,1,0,0,1,0,0,0,0
"6856",2.33,1,0,1,0,0,0,0,0
"6857",1.06,1,0,0,0,0,1,0,0
"6858",0.57,0,1,0,0,0,1,0,0
"7015",15.25,0,1,0,0,0,0,0,1
"7016",10.75,0,1,0,1,0,0,0,0
"7017",9.26,0,1,0,0,0,0,1,0
"7018",8.39,0,1,0,0,1,0,0,0
"7019",5.96,0,1,1,0,0,0,0,0
"7020",4.65,1,0,1,0,0,0,0,0
"7021",3.36,1,0,0,0,1,0,0,0
"7022",1.26,1,0,0,0,0,0,1,0
"7023",0,1,0,0,1,0,0,0,0
"7024",0,1,0,0,0,0,1,0,0
"7025",0,1,0,0,0,0,0,0,1
"7026",0,0,1,0,0,0,1,0,0
"7337",47.28,0,1,0,0,0,0,0,1
"7338",35.13,0,1,0,0,0,0,1,0
"7339",31.55,0,1,0,0,1,0,0,0
"7340",19.57,0,1,0,1,0,0,0,0
"7341",14.12,0,1,1,0,0,0,0,0
"7342",8.82,1,0,0,0,0,0,0,1
"7343",6.52,1,0,0,0,0,0,1,0
"7344",6.02,1,0,0,0,1,0,0,0
"7345",3.23,1,0,0,1,0,0,0,0
"7346",3.17,1,0,1,0,0,0,0,0
"7347",0.21,0,1,0,0,0,1,0,0
"7348",0,1,0,0,0,0,1,0,0
"7611",39.81,0,1,0,0,0,0,0,1
"7612",23.16,0,1,0,0,0,0,1,0
"7613",17.94,0,1,0,0,1,0,0,0
"7614",13.04,0,1,0,1,0,0,0,0
"7615",9.31,1,0,0,0,0,0,0,1
"7616",8.82,1,0,0,0,0,0,1,0
"7617",8.24,1,0,0,0,1,0,0,0
"7618",4.87,0,1,1,0,0,0,0,0
"7619",3,1,0,1,0,0,0,0,0
"7620",1.83,1,0,0,1,0,0,0,0
"7621",0,1,0,0,0,0,1,0,0
"7622",0,0,1,0,0,0,1,0,0
"7995",14.9,0,1,1,0,0,0,0,0
"7996",14.47,0,1,0,1,0,0,0,0
"7997",10.07,0,1,0,0,1,0,0,0
"7998",9.53,0,1,0,0,0,0,1,0
"7999",8.73,0,1,0,0,0,0,0,1
"8000",8.1,1,0,1,0,0,0,0,0
"8001",5.11,1,0,0,1,0,0,0,0
"8002",2.99,1,0,0,0,0,0,0,1
"8003",2.35,1,0,0,0,0,0,1,0
"8004",2.33,1,0,0,0,1,0,0,0
"8005",1.69,0,1,0,0,0,1,0,0
"8006",1.22,1,0,0,0,0,1,0,0
"8295",23.24,0,1,0,1,0,0,0,0
"8296",15.3,0,1,0,0,0,0,1,0
"8297",14.89,0,1,0,0,0,0,0,1
"8298",13.58,0,1,1,0,0,0,0,0
"8299",13.03,0,1,0,0,1,0,0,0
"8300",7.08,1,0,1,0,0,0,0,0
"8301",3.91,1,0,0,1,0,0,0,0
"8302",2.8,1,0,0,0,1,0,0,0
"8303",2.08,1,0,0,0,0,0,0,1
"8304",1.06,1,0,0,0,0,1,0,0
"8305",0.8,1,0,0,0,0,0,1,0
"8306",0.15,0,1,0,0,0,1,0,0
"8535",62.6,0,1,0,0,0,0,0,1
"8536",44.83,0,1,0,0,0,0,1,0
"8537",34,0,1,0,0,1,0,0,0
"8538",29.1,0,1,0,1,0,0,0,0
"8539",21.96,0,1,1,0,0,0,0,0
"8540",15.86,1,0,0,0,0,0,0,1
"8541",8.12,1,0,0,0,0,0,1,0
"8542",5.47,1,0,0,1,0,0,0,0
"8543",4.8,1,0,0,0,1,0,0,0
"8544",2.33,1,0,1,0,0,0,0,0
"8545",0,1,0,0,0,0,1,0,0
"8546",0,0,1,0,0,0,1,0,0
"9015",33.88,0,1,0,1,0,0,0,0
"9016",33.78,0,1,0,0,0,0,0,1
"9017",33.51,0,1,0,0,1,0,0,0
"9018",32.43,0,1,0,0,0,0,1,0
"9019",31.18,0,1,1,0,0,0,0,0
"9020",11.12,1,0,0,1,0,0,0,0
"9021",10.98,1,0,0,0,1,0,0,0
"9022",10.41,1,0,0,0,0,0,1,0
"9023",9.3,1,0,1,0,0,0,0,0
"9024",8.29,1,0,0,0,0,0,0,1
"9025",0.33,0,1,0,0,0,1,0,0
"9026",0,1,0,0,0,0,1,0,0
"9387",65.04,0,1,0,0,0,0,0,1
"9388",36.6,0,1,0,0,1,0,0,0
"9389",31.61,0,1,0,0,0,0,1,0
"9390",21.02,0,1,0,1,0,0,0,0
"9391",13.11,1,0,0,0,0,0,0,1
"9392",13.1,1,0,0,0,0,0,1,0
"9393",12.29,1,0,0,0,1,0,0,0
"9394",9.78,0,1,1,0,0,0,0,0
"9395",4.53,1,0,0,1,0,0,0,0
"9396",3.06,1,0,1,0,0,0,0,0
"9397",0.58,0,1,0,0,0,1,0,0
"9398",0.45,1,0,0,0,0,1,0,0
"9639",9.13,0,1,0,0,0,0,1,0
"9640",7.22,0,1,0,0,0,0,0,1
"9641",4.91,0,1,0,0,1,0,0,0
"9642",4.74,0,1,0,1,0,0,0,0
"9643",3.13,0,1,1,0,0,0,0,0
"9644",2.76,1,0,0,0,0,0,0,1
"9645",1.29,1,0,0,0,0,0,1,0
"9646",0.76,1,0,0,0,1,0,0,0
"9647",0.39,0,1,0,0,0,1,0,0
"9648",0,1,0,1,0,0,0,0,0
"9649",0,1,0,0,1,0,0,0,0
"9650",0,1,0,0,0,0,1,0,0
"9951",46.56,0,1,0,0,0,0,0,1
"9952",25.22,0,1,0,0,0,0,1,0
"9953",20.46,0,1,0,0,1,0,0,0
"9954",14.88,0,1,0,1,0,0,0,0
"9955",12.59,1,0,0,0,0,0,0,1
"9956",10.08,0,1,1,0,0,0,0,0
"9957",8.49,1,0,0,0,0,0,1,0
"9958",6.54,1,0,0,0,1,0,0,0
"9959",3.68,1,0,0,1,0,0,0,0
"9960",2.94,1,0,1,0,0,0,0,0
"9961",0.57,0,1,0,0,0,1,0,0
"9962",0.16,1,0,0,0,0,1,0,0
"10323",12.14,0,1,0,0,0,0,0,1
"10324",7.59,0,1,0,0,1,0,0,0
"10325",7.3,0,1,0,0,0,0,1,0
"10326",6.27,0,1,0,1,0,0,0,0
"10327",2.45,0,1,1,0,0,0,0,0
"10328",1,1,0,0,0,0,0,0,1
"10329",0.84,1,0,0,0,1,0,0,0
"10330",0.84,1,0,0,0,0,0,1,0
"10331",0.77,1,0,0,1,0,0,0,0
"10332",0.7,1,0,1,0,0,0,0,0
"10333",0,1,0,0,0,0,1,0,0
"10334",0,0,1,0,0,0,1,0,0
"10623",0,1,0,1,0,0,0,0,0
"10624",0,1,0,0,1,0,0,0,0
"10625",0,1,0,0,0,1,0,0,0
"10626",0,1,0,0,0,0,1,0,0
"10627",0,1,0,0,0,0,0,1,0
"10628",0,1,0,0,0,0,0,0,1
"10629",0,0,1,1,0,0,0,0,0
"10630",0,0,1,0,1,0,0,0,0
"10631",0,0,1,0,0,1,0,0,0
"10632",0,0,1,0,0,0,1,0,0
"10633",0,0,1,0,0,0,0,1,0
"10634",0,0,1,0,0,0,0,0,1
"10993",7.08,0,1,0,1,0,0,0,0
"10994",6.53,0,1,0,0,1,0,0,0
"10995",5.9,0,1,1,0,0,0,0,0
"10996",4.97,0,1,0,0,0,0,1,0
"10997",4.44,0,1,0,0,0,0,0,1
"10998",2.82,1,0,1,0,0,0,0,0
"10999",1.83,1,0,0,1,0,0,0,0
"11000",0.63,1,0,0,0,1,0,0,0
"11001",0.55,1,0,0,0,0,0,1,0
"11002",0.37,1,0,0,0,0,1,0,0
"11003",0.31,0,1,0,0,0,1,0,0
"11004",0,1,0,0,0,0,0,0,1
"11317",102.35,0,1,0,0,0,0,0,1
"11318",89.74,0,1,0,0,1,0,0,0
"11319",56.07,0,1,0,1,0,0,0,0
"11320",39.56,0,1,1,0,0,0,0,0
"11321",36.66,0,1,0,0,0,0,1,0
"11322",30.63,1,0,1,0,0,0,0,0
"11323",19.39,1,0,0,1,0,0,0,0
"11324",11.02,1,0,0,0,0,0,1,0
"11325",9.28,1,0,0,0,1,0,0,0
"11326",6.06,1,0,0,0,0,1,0,0
"11327",2.31,0,1,0,0,0,1,0,0
"11328",0,1,0,0,0,0,0,0,1
"11593",101.57,0,1,0,0,0,0,0,1
"11594",68.23,0,1,0,0,0,0,1,0
"11595",55.88,0,1,0,0,1,0,0,0
"11596",24.33,0,1,0,1,0,0,0,0
"11597",21.84,1,0,0,0,0,0,0,1
"11598",16.23,1,0,0,0,0,0,1,0
"11599",12.26,1,0,0,0,1,0,0,0
"11600",12.13,0,1,1,0,0,0,0,0
"11601",4.94,1,0,0,1,0,0,0,0
"11602",3.29,1,0,1,0,0,0,0,0
"11603",0.4,0,1,0,0,0,1,0,0
"11604",0.21,1,0,0,0,0,1,0,0
"11975",37.83,0,1,0,0,0,0,0,1
"11976",33.88,0,1,0,1,0,0,0,0
"11977",25.95,0,1,0,0,0,0,1,0
"11978",25.24,0,1,0,0,1,0,0,0
"11979",25.1,0,1,1,0,0,0,0,0
"11980",11.76,1,0,0,0,1,0,0,0
"11981",11.15,1,0,0,0,0,0,1,0
"11982",4.56,0,1,0,0,0,1,0,0
"11983",4.43,1,0,0,1,0,0,0,0
"11984",4.37,1,0,1,0,0,0,0,0
"11985",0,1,0,0,0,0,1,0,0
"11986",0,1,0,0,0,0,0,0,1
"12357",25.75,0,1,0,0,1,0,0,0
"12358",22.19,0,1,1,0,0,0,0,0
"12359",19.18,0,1,0,1,0,0,0,0
"12360",17.01,0,1,0,0,0,0,1,0
"12361",10.27,0,1,0,0,0,0,0,1
"12362",6.33,1,0,0,0,0,0,1,0
"12363",5.95,1,0,0,0,1,0,0,0
"12364",4.78,1,0,0,1,0,0,0,0
"12365",3.71,1,0,1,0,0,0,0,0
"12366",3.12,1,0,0,0,0,0,0,1
"12367",1.03,1,0,0,0,0,1,0,0
"12368",0.98,0,1,0,0,0,1,0,0
"12717",27.48,0,1,0,0,0,0,0,1
"12718",18.03,0,1,0,0,0,0,1,0
"12719",13.92,0,1,0,0,1,0,0,0
"12720",13.72,0,1,0,1,0,0,0,0
"12721",10.49,0,1,1,0,0,0,0,0
"12722",4.22,1,0,0,0,0,0,0,1
"12723",3.79,1,0,0,0,0,0,1,0
"12724",3.74,1,0,0,0,1,0,0,0
"12725",1.73,1,0,1,0,0,0,0,0
"12726",1.61,1,0,0,1,0,0,0,0
"12727",0.45,1,0,0,0,0,1,0,0
"12728",0.29,0,1,0,0,0,1,0,0
"13089",25.75,0,1,0,0,0,0,0,1
"13090",14.54,0,1,0,0,0,0,1,0
"13091",11.88,0,1,0,0,1,0,0,0
"13092",8.88,0,1,0,1,0,0,0,0
"13093",4.62,0,1,1,0,0,0,0,0
"13094",4.26,1,0,0,0,0,0,0,1
"13095",4.11,1,0,0,0,0,0,1,0
"13096",3.13,1,0,0,0,1,0,0,0
"13097",2.17,1,0,0,1,0,0,0,0
"13098",1.05,1,0,1,0,0,0,0,0
"13099",0.34,0,1,0,0,0,1,0,0
"13100",0.04,1,0,0,0,0,1,0,0
"13341",0.49,0,1,0,1,0,0,0,0
"13342",0.37,0,1,0,0,0,1,0,0
"13343",0.3,0,1,0,0,1,0,0,0
"13344",0,1,0,1,0,0,0,0,0
"13345",0,1,0,0,1,0,0,0,0
"13346",0,1,0,0,0,1,0,0,0
"13347",0,1,0,0,0,0,1,0,0
"13348",0,1,0,0,0,0,0,1,0
"13349",0,1,0,0,0,0,0,0,1
"13350",0,0,1,1,0,0,0,0,0
"13351",0,0,1,0,0,0,0,1,0
"13352",0,0,1,0,0,0,0,0,1
"13665",45.52,0,1,0,0,0,0,1,0
"13666",42.91,0,1,0,0,1,0,0,0
"13667",40.93,0,1,0,0,0,0,0,1
"13668",32.51,0,1,0,1,0,0,0,0
"13669",20.79,0,1,1,0,0,0,0,0
"13670",19.15,1,0,0,0,0,0,0,1
"13671",16.43,1,0,0,0,0,0,1,0
"13672",14.33,1,0,0,0,1,0,0,0
"13673",13.36,1,0,0,1,0,0,0,0
"13674",8.45,1,0,1,0,0,0,0,0
"13675",0.72,0,1,0,0,0,1,0,0
"13676",0.38,1,0,0,0,0,1,0,0
"13977",63.5,0,1,0,0,0,0,0,1
"13978",61.67,0,1,0,1,0,0,0,0
"13979",54.87,0,1,0,0,1,0,0,0
"13980",48,0,1,0,0,0,0,1,0
"13981",33.94,0,1,1,0,0,0,0,0
"13982",14.8,1,0,0,0,0,0,0,1
"13983",12.45,1,0,1,0,0,0,0,0
"13984",10.51,1,0,0,1,0,0,0,0
"13985",7.69,1,0,0,0,0,0,1,0
"13986",7.18,1,0,0,0,1,0,0,0
"13987",4.04,0,1,0,0,0,1,0,0
"13988",2.16,1,0,0,0,0,1,0,0
"14421",2.47,0,1,0,0,0,0,1,0
"14422",2.27,1,0,0,1,0,0,0,0
"14423",2.1,0,1,0,1,0,0,0,0
"14424",1.18,0,1,0,0,1,0,0,0
"14425",0.86,1,0,1,0,0,0,0,0
"14426",0.77,1,0,0,0,1,0,0,0
"14427",0.39,0,1,1,0,0,0,0,0
"14428",0,1,0,0,0,0,1,0,0
"14429",0,1,0,0,0,0,0,1,0
"14430",0,1,0,0,0,0,0,0,1
"14431",0,0,1,0,0,0,1,0,0
"14432",0,0,1,0,0,0,0,0,1
"14721",28.37,0,1,0,1,0,0,0,0
"14722",27.16,0,1,0,0,0,0,0,1
"14723",21.94,0,1,0,0,1,0,0,0
"14724",20.05,0,1,0,0,0,0,1,0
"14725",14.4,0,1,1,0,0,0,0,0
"14726",9.34,1,0,0,0,0,0,0,1
"14727",6.8,1,0,1,0,0,0,0,0
"14728",4.57,1,0,0,0,0,0,1,0
"14729",4.25,1,0,0,0,1,0,0,0
"14730",4.01,1,0,0,1,0,0,0,0
"14731",1.52,0,1,0,0,0,1,0,0
"14732",0.79,1,0,0,0,0,1,0,0
"14973",57.25,0,1,0,0,0,0,0,1
"14974",56.13,0,1,0,0,0,0,1,0
"14975",53.92,0,1,0,0,1,0,0,0
"14976",40.6,0,1,0,1,0,0,0,0
"14977",23.06,0,1,1,0,0,0,0,0
"14978",10.31,1,0,0,0,0,0,1,0
"14979",8.31,1,0,0,0,0,0,0,1
"14980",5.52,1,0,0,0,1,0,0,0
"14981",2.83,1,0,1,0,0,0,0,0
"14982",1.41,1,0,0,1,0,0,0,0
"14983",0,1,0,0,0,0,1,0,0
"14984",0,0,1,0,0,0,1,0,0
"15225",83.3,0,1,0,0,0,0,1,0
"15226",82.95,0,1,0,0,1,0,0,0
"15227",67.61,0,1,0,0,0,0,0,1
"15228",55.55,0,1,0,1,0,0,0,0
"15229",40.82,0,1,1,0,0,0,0,0
"15230",23.35,1,0,0,0,0,0,0,1
"15231",15.27,1,0,0,0,1,0,0,0
"15232",13.14,1,0,0,0,0,0,1,0
"15233",6.39,1,0,1,0,0,0,0,0
"15234",5.59,1,0,0,1,0,0,0,0
"15235",0.65,1,0,0,0,0,1,0,0
"15236",0.62,0,1,0,0,0,1,0,0
"15607",56.14,0,1,0,0,0,0,0,1
"15608",29.82,0,1,0,0,1,0,0,0
"15609",10.93,0,1,0,0,0,0,1,0
"15610",9.75,0,1,1,0,0,0,0,0
"15611",8.21,0,1,0,1,0,0,0,0
"15612",6.41,1,0,0,0,1,0,0,0
"15613",6.41,1,0,0,0,0,0,1,0
"15614",5.54,1,0,0,1,0,0,0,0
"15615",4.75,1,0,0,0,0,0,0,1
"15616",3.2,0,1,0,0,0,1,0,0
"15617",0,1,0,1,0,0,0,0,0
"15618",0,1,0,0,0,0,1,0,0
"15787",1.99,0,1,1,0,0,0,0,0
"15788",0,1,0,1,0,0,0,0,0
"15789",0,1,0,0,1,0,0,0,0
"15790",0,1,0,0,0,1,0,0,0
"15791",0,1,0,0,0,0,1,0,0
"15792",0,1,0,0,0,0,0,1,0
"15793",0,1,0,0,0,0,0,0,1
"15794",0,0,1,0,1,0,0,0,0
"15795",0,0,1,0,0,1,0,0,0
"15796",0,0,1,0,0,0,1,0,0
"15797",0,0,1,0,0,0,0,1,0
"15798",0,0,1,0,0,0,0,0,1
"16111",30.13,0,1,0,0,1,0,0,0
"16112",19.58,0,1,0,0,0,0,0,1
"16113",10.27,0,1,1,0,0,0,0,0
"16114",9.54,0,1,0,1,0,0,0,0
"16115",8.56,0,1,0,0,0,0,1,0
"16116",4.03,1,0,0,0,0,0,1,0
"16117",0,1,0,1,0,0,0,0,0
"16118",0,1,0,0,1,0,0,0,0
"16119",0,1,0,0,0,1,0,0,0
"16120",0,1,0,0,0,0,1,0,0
"16121",0,1,0,0,0,0,0,0,1
"16122",0,0,1,0,0,0,1,0,0
"16483",31.98,0,1,0,0,0,0,0,1
"16484",17.63,0,1,0,1,0,0,0,0
"16485",15.39,0,1,0,0,1,0,0,0
"16486",14.96,0,1,1,0,0,0,0,0
"16487",13.46,0,1,0,0,0,0,1,0
"16488",8.82,1,0,0,1,0,0,0,0
"16489",4.35,1,0,0,0,1,0,0,0
"16490",3.2,1,0,0,0,0,0,1,0
"16491",2.04,1,0,1,0,0,0,0,0
"16492",0,1,0,0,0,0,1,0,0
"16493",0,1,0,0,0,0,0,0,1
"16494",0,0,1,0,0,0,1,0,0
"16865",13.9,0,1,0,0,0,0,0,1
"16866",9.65,0,1,0,1,0,0,0,0
"16867",9.6,0,1,1,0,0,0,0,0
"16868",9.08,0,1,0,0,1,0,0,0
"16869",9.02,0,1,0,0,0,0,1,0
"16870",3.23,1,0,1,0,0,0,0,0
"16871",1.83,1,0,0,1,0,0,0,0
"16872",1.66,1,0,0,0,1,0,0,0
"16873",1.08,1,0,0,0,0,0,1,0
"16874",0.91,0,1,0,0,0,1,0,0
"16875",0.63,1,0,0,0,0,1,0,0
"16876",0.42,1,0,0,0,0,0,0,1
"17367",20.01,0,1,0,0,1,0,0,0
"17368",18.71,0,1,0,0,0,0,1,0
"17369",18.61,0,1,0,0,0,0,0,1
"17370",11.44,0,1,0,1,0,0,0,0
"17371",9.38,0,1,1,0,0,0,0,0
"17372",8.49,1,0,0,0,1,0,0,0
"17373",7.9,1,0,0,0,0,0,1,0
"17374",6.44,1,0,0,0,0,0,0,1
"17375",5.32,1,0,0,1,0,0,0,0
"17376",2.6,1,0,1,0,0,0,0,0
"17377",0.49,0,1,0,0,0,1,0,0
"17378",0.1,1,0,0,0,0,1,0,0
"17749",26.23,0,1,0,0,1,0,0,0
"17750",23.86,0,1,0,1,0,0,0,0
"17751",23.56,0,1,1,0,0,0,0,0
"17752",18.59,0,1,0,0,0,0,0,1
"17753",17.27,0,1,0,0,0,0,1,0
"17754",11.27,1,0,1,0,0,0,0,0
"17755",10.52,1,0,0,1,0,0,0,0
"17756",8.02,1,0,0,0,1,0,0,0
"17757",6.07,1,0,0,0,0,0,0,1
"17758",5.16,1,0,0,0,0,0,1,0
"17759",1.06,1,0,0,0,0,1,0,0
"17760",1.01,0,1,0,0,0,1,0,0
"17797",17.5,0,1,0,0,0,0,0,1
"17798",17.16,0,1,0,1,0,0,0,0
"17799",13.91,0,1,0,0,1,0,0,0
"17800",13.5,0,1,1,0,0,0,0,0
"17801",11.51,0,1,0,0,0,0,1,0
"17802",5.55,1,0,1,0,0,0,0,0
"17803",3.01,1,0,0,1,0,0,0,0
"17804",3,1,0,0,0,1,0,0,0
"17805",1.67,1,0,0,0,0,0,1,0
"17806",1.15,1,0,0,0,0,1,0,0
"17807",0.78,0,1,0,0,0,1,0,0
"17808",0,1,0,0,0,0,0,0,1
"18157",22.71,0,1,0,0,0,0,0,1
"18158",20.56,0,1,0,0,0,0,1,0
"18159",19.37,0,1,0,1,0,0,0,0
"18160",18.62,0,1,0,0,1,0,0,0
"18161",18.13,0,1,1,0,0,0,0,0
"18162",10.08,1,0,0,0,1,0,0,0
"18163",10.05,1,0,0,0,0,0,1,0
"18164",7.76,1,0,0,1,0,0,0,0
"18165",4.63,1,0,0,0,0,0,0,1
"18166",4.2,1,0,1,0,0,0,0,0
"18167",0.32,0,1,0,0,0,1,0,0
"18168",0,1,0,0,0,0,1,0,0
"18241",1.3,0,1,0,0,1,0,0,0
"18242",1.07,0,1,1,0,0,0,0,0
"18243",1.02,0,1,0,0,0,0,1,0
"18244",0.41,0,1,0,1,0,0,0,0
"18245",0,1,0,1,0,0,0,0,0
"18246",0,1,0,0,1,0,0,0,0
"18247",0,1,0,0,0,1,0,0,0
"18248",0,1,0,0,0,0,1,0,0
"18249",0,1,0,0,0,0,0,1,0
"18250",0,1,0,0,0,0,0,0,1
"18251",0,0,1,0,0,0,1,0,0
"18252",0,0,1,0,0,0,0,0,1
"18493",15.3,0,1,0,0,0,0,0,1
"18494",14.05,0,1,0,1,0,0,0,0
"18495",9.75,0,1,0,0,1,0,0,0
"18496",8.97,0,1,0,0,0,0,1,0
"18497",6.86,0,1,1,0,0,0,0,0
"18498",3.72,1,0,0,0,0,0,0,1
"18499",3.54,1,0,1,0,0,0,0,0
"18500",1.81,1,0,0,0,1,0,0,0
"18501",0,1,0,0,1,0,0,0,0
"18502",0,1,0,0,0,0,1,0,0
"18503",0,1,0,0,0,0,0,1,0
"18504",0,0,1,0,0,0,1,0,0
"18829",10.9,0,1,0,0,0,0,0,1
"18830",8.24,0,1,1,0,0,0,0,0
"18831",7.16,0,1,0,1,0,0,0,0
"18832",6.89,0,1,0,0,0,0,1,0
"18833",6.86,0,1,0,0,1,0,0,0
"18834",4.74,1,0,1,0,0,0,0,0
"18835",2.88,1,0,0,0,0,0,0,1
"18836",2.2,1,0,0,0,1,0,0,0
"18837",2.09,1,0,0,0,0,0,1,0
"18838",1.86,1,0,0,1,0,0,0,0
"18839",0.45,1,0,0,0,0,1,0,0
"18840",0.29,0,1,0,0,0,1,0,0
"19045",9.06,0,1,0,0,0,0,0,1
"19046",5.51,0,1,0,1,0,0,0,0
"19047",5.41,0,1,1,0,0,0,0,0
"19048",4.81,0,1,0,0,0,0,1,0
"19049",4.6,0,1,0,0,1,0,0,0
"19050",2.42,1,0,1,0,0,0,0,0
"19051",1.43,1,0,0,1,0,0,0,0
"19052",1.34,1,0,0,0,0,0,0,1
"19053",1.07,1,0,0,0,1,0,0,0
"19054",0.81,1,0,0,0,0,0,1,0
"19055",0.33,0,1,0,0,0,1,0,0
"19056",0.17,1,0,0,0,0,1,0,0
"19285",45.69,0,1,0,0,0,0,1,0
"19286",43.57,0,1,0,0,1,0,0,0
"19287",31.56,0,1,0,0,0,0,0,1
"19288",25.57,0,1,0,1,0,0,0,0
"19289",20.21,0,1,1,0,0,0,0,0
"19290",7.3,1,0,0,0,0,0,1,0
"19291",5.76,1,0,0,0,1,0,0,0
"19292",5.74,1,0,0,0,0,0,0,1
"19293",2.52,1,0,0,1,0,0,0,0
"19294",1.89,1,0,1,0,0,0,0,0
"19295",0.51,0,1,0,0,0,1,0,0
"19296",0.32,1,0,0,0,0,1,0,0
"19621",66.12,0,1,0,0,0,0,0,1
"19622",24.16,0,1,0,0,0,0,1,0
"19623",17.14,0,1,0,0,1,0,0,0
"19624",11.1,1,0,0,0,0,0,0,1
"19625",7.98,0,1,0,1,0,0,0,0
"19626",7.13,1,0,0,0,0,0,1,0
"19627",4.59,0,1,1,0,0,0,0,0
"19628",4.53,1,0,0,0,1,0,0,0
"19629",3.62,1,0,0,1,0,0,0,0
"19630",2.1,1,0,1,0,0,0,0,0
"19631",0.19,1,0,0,0,0,1,0,0
"19632",0.18,0,1,0,0,0,1,0,0
"19981",28,0,1,0,0,0,0,0,1
"19982",22,0,1,0,0,1,0,0,0
"19983",20.34,0,1,0,0,0,0,1,0
"19984",14.85,0,1,0,1,0,0,0,0
"19985",6.18,0,1,1,0,0,0,0,0
"19986",4.15,1,0,0,0,0,0,1,0
"19987",3.89,1,0,0,0,1,0,0,0
"19988",1.55,1,0,0,0,0,0,0,1
"19989",1.48,1,0,0,1,0,0,0,0
"19990",1.4,1,0,1,0,0,0,0,0
"19991",0,1,0,0,0,0,1,0,0
"19992",0,0,1,0,0,0,1,0,0
"20149",4.29,0,1,0,1,0,0,0,0
"20150",4.22,0,1,1,0,0,0,0,0
"20151",3.44,0,1,0,0,1,0,0,0
"20152",0.88,1,0,0,1,0,0,0,0
"20153",0,1,0,1,0,0,0,0,0
"20154",0,1,0,0,0,1,0,0,0
"20155",0,1,0,0,0,0,1,0,0
"20156",0,1,0,0,0,0,0,1,0
"20157",0,1,0,0,0,0,0,0,1
"20158",0,0,1,0,0,0,1,0,0
"20159",0,0,1,0,0,0,0,1,0
"20160",0,0,1,0,0,0,0,0,1
"20531",182.32,0,1,0,0,0,0,0,1
"20532",82.73,0,1,0,0,0,0,1,0
"20533",71.69,1,0,0,0,0,0,0,1
"20534",46.65,0,1,0,0,1,0,0,0
"20535",33.05,0,1,0,1,0,0,0,0
"20536",27.12,1,0,0,0,0,0,1,0
"20537",25.88,1,0,0,1,0,0,0,0
"20538",20.75,1,0,0,0,1,0,0,0
"20539",14.05,0,1,1,0,0,0,0,0
"20540",11.86,1,0,1,0,0,0,0,0
"20541",1.22,1,0,0,0,0,1,0,0
"20542",0.88,0,1,0,0,0,1,0,0
"20855",35.59,0,1,0,0,0,0,1,0
"20856",32.75,0,1,0,0,1,0,0,0
"20857",29.43,0,1,0,0,0,0,0,1
"20858",15.16,0,1,0,1,0,0,0,0
"20859",11.84,0,1,1,0,0,0,0,0
"20860",7.3,1,0,0,0,0,0,1,0
"20861",6.85,1,0,0,0,0,0,0,1
"20862",4.82,1,0,0,0,1,0,0,0
"20863",2.65,1,0,1,0,0,0,0,0
"20864",2.18,1,0,0,1,0,0,0,0
"20865",0.99,0,1,0,0,0,1,0,0
"20866",0.48,1,0,0,0,0,1,0,0
"21189",74.43,0,1,0,0,0,0,0,1
"21190",57.1,0,1,0,1,0,0,0,0
"21191",52.08,0,1,0,0,1,0,0,0
"21192",46.34,0,1,0,0,0,0,1,0
"21193",37.3,0,1,1,0,0,0,0,0
"21194",18.23,1,0,0,0,0,0,0,1
"21195",8,1,0,0,0,0,0,1,0
"21196",7.78,1,0,0,1,0,0,0,0
"21197",7.67,1,0,0,0,1,0,0,0
"21198",7.45,1,0,1,0,0,0,0,0
"21199",1.87,0,1,0,0,0,1,0,0
"21200",0.96,1,0,0,0,0,1,0,0
"21573",19.52,0,1,0,0,0,0,1,0
"21574",6.38,1,0,1,0,0,0,0,0
"21575",4.41,0,1,0,0,1,0,0,0
"21576",0,1,0,0,1,0,0,0,0
"21577",0,1,0,0,0,1,0,0,0
"21578",0,1,0,0,0,0,1,0,0
"21579",0,1,0,0,0,0,0,1,0
"21580",0,1,0,0,0,0,0,0,1
"21581",0,0,1,1,0,0,0,0,0
"21582",0,0,1,0,1,0,0,0,0
"21583",0,0,1,0,0,0,1,0,0
"21584",0,0,1,0,0,0,0,0,1
"21861",44.79,0,1,0,1,0,0,0,0
"21862",10.04,0,1,0,0,0,1,0,0
"21863",0,1,0,1,0,0,0,0,0
"21864",0,1,0,0,1,0,0,0,0
"21865",0,1,0,0,0,1,0,0,0
"21866",0,1,0,0,0,0,1,0,0
"21867",0,1,0,0,0,0,0,1,0
"21868",0,1,0,0,0,0,0,0,1
"21869",0,0,1,1,0,0,0,0,0
"21870",0,0,1,0,0,1,0,0,0
"21871",0,0,1,0,0,0,0,1,0
"21872",0,0,1,0,0,0,0,0,1
"22113",93.52,0,1,0,0,0,0,0,1
"22114",42.51,0,1,0,0,0,0,1,0
"22115",26.59,1,0,0,0,0,0,0,1
"22116",25.65,0,1,0,0,1,0,0,0
"22117",14.79,0,1,0,1,0,0,0,0
"22118",13.77,1,0,0,0,0,0,1,0
"22119",6.36,0,1,1,0,0,0,0,0
"22120",6.35,1,0,0,0,1,0,0,0
"22121",3.56,1,0,0,1,0,0,0,0
"22122",1.38,1,0,1,0,0,0,0,0
"22123",0,1,0,0,0,0,1,0,0
"22124",0,0,1,0,0,0,1,0,0
"22329",28.43,0,1,0,0,1,0,0,0
"22330",23.56,0,1,0,1,0,0,0,0
"22331",0,1,0,1,0,0,0,0,0
"22332",0,1,0,0,1,0,0,0,0
"22333",0,1,0,0,0,1,0,0,0
"22334",0,1,0,0,0,0,1,0,0
"22335",0,1,0,0,0,0,0,1,0
"22336",0,1,0,0,0,0,0,0,1
"22337",0,0,1,1,0,0,0,0,0
"22338",0,0,1,0,0,0,1,0,0
"22339",0,0,1,0,0,0,0,1,0
"22340",0,0,1,0,0,0,0,0,1
"22701",50.66,0,1,0,0,0,0,0,1
"22702",15.2,0,1,0,0,0,0,1,0
"22703",15.04,0,1,0,0,1,0,0,0
"22704",14.83,1,0,0,0,0,0,0,1
"22705",8.51,1,0,0,0,0,0,1,0
"22706",7.29,0,1,0,1,0,0,0,0
"22707",5.39,1,0,0,0,1,0,0,0
"22708",5.14,1,0,1,0,0,0,0,0
"22709",4.04,1,0,0,1,0,0,0,0
"22710",2.71,0,1,1,0,0,0,0,0
"22711",0.42,0,1,0,0,0,1,0,0
"22712",0,1,0,0,0,0,1,0,0
"22989",35.05,0,1,0,0,0,0,0,1
"22990",30.67,0,1,0,0,1,0,0,0
"22991",30.66,0,1,0,0,0,0,1,0
"22992",16.09,0,1,0,1,0,0,0,0
"22993",10.63,0,1,1,0,0,0,0,0
"22994",5.71,1,0,0,0,0,0,0,1
"22995",5.02,1,0,0,0,1,0,0,0
"22996",4.44,1,0,0,0,0,0,1,0
"22997",1.85,1,0,1,0,0,0,0,0
"22998",1.77,1,0,0,1,0,0,0,0
"22999",1.42,0,1,0,0,0,1,0,0
"23000",0.37,1,0,0,0,0,1,0,0
"23217",96.29,0,1,0,0,0,0,0,1
"23218",49.14,0,1,0,0,0,0,1,0
"23219",38.39,0,1,0,0,1,0,0,0
"23220",20.64,0,1,1,0,0,0,0,0
"23221",19.88,0,1,0,1,0,0,0,0
"23222",14.94,1,0,0,0,0,0,1,0
"23223",11.49,1,0,0,0,0,0,0,1
"23224",8.39,1,0,0,0,1,0,0,0
"23225",3.44,1,0,0,1,0,0,0,0
"23226",2.1,0,1,0,0,0,1,0,0
"23227",0.89,1,0,1,0,0,0,0,0
"23228",0,1,0,0,0,0,1,0,0
"23457",3.6,0,1,0,0,0,0,0,1
"23458",2.31,0,1,0,1,0,0,0,0
"23459",1.69,0,1,0,0,0,0,1,0
"23460",1.59,0,1,0,0,1,0,0,0
"23461",1.08,0,1,1,0,0,0,0,0
"23462",0.77,1,0,0,0,0,0,0,1
"23463",0.63,1,0,1,0,0,0,0,0
"23464",0.48,1,0,0,0,1,0,0,0
"23465",0.45,1,0,0,1,0,0,0,0
"23466",0.3,1,0,0,0,0,0,1,0
"23467",0.15,0,1,0,0,0,1,0,0
"23468",0.04,1,0,0,0,0,1,0,0
"23829",31.4,0,1,0,0,0,0,0,1
"23830",15.06,0,1,0,0,0,0,1,0
"23831",13.53,0,1,0,0,1,0,0,0
"23832",7.28,0,1,0,1,0,0,0,0
"23833",4.92,1,0,0,0,0,0,0,1
"23834",4.45,1,0,0,0,0,0,1,0
"23835",4.03,0,1,1,0,0,0,0,0
"23836",4,1,0,0,0,1,0,0,0
"23837",1.66,1,0,0,1,0,0,0,0
"23838",0.98,1,0,1,0,0,0,0,0
"23839",0.13,0,1,0,0,0,1,0,0
"23840",0,1,0,0,0,0,1,0,0
"24309",100.12,0,1,0,0,0,0,0,1
"24310",59.19,1,0,0,0,0,0,0,1
"24311",58.44,0,1,0,0,1,0,0,0
"24312",48.26,0,1,0,1,0,0,0,0
"24313",39.18,0,1,0,0,0,0,1,0
"24314",37.41,0,1,1,0,0,0,0,0
"24315",21.82,1,0,1,0,0,0,0,0
"24316",20.86,1,0,0,0,1,0,0,0
"24317",18.02,1,0,0,1,0,0,0,0
"24318",9.97,1,0,0,0,0,0,1,0
"24319",8.2,1,0,0,0,0,1,0,0
"24320",3.83,0,1,0,0,0,1,0,0
"24645",31.66,0,1,0,0,0,0,0,1
"24646",25.18,0,1,0,0,0,0,1,0
"24647",21.98,0,1,0,0,1,0,0,0
"24648",17.87,0,1,0,1,0,0,0,0
"24649",13.61,0,1,1,0,0,0,0,0
"24650",9.87,1,0,0,0,0,0,1,0
"24651",8.1,1,0,0,0,1,0,0,0
"24652",7.08,1,0,0,0,0,0,0,1
"24653",5.49,1,0,0,1,0,0,0,0
"24654",5.1,1,0,1,0,0,0,0,0
"24655",0.41,1,0,0,0,0,1,0,0
"24656",0.19,0,1,0,0,0,1,0,0
"24907",47.5,0,1,0,0,0,0,0,1
"24908",27.62,0,1,0,0,0,0,1,0
"24909",22,0,1,0,0,1,0,0,0
"24910",14.25,0,1,0,1,0,0,0,0
"24911",11.42,1,0,0,0,0,0,1,0
"24912",9.94,0,1,1,0,0,0,0,0
"24913",9.21,1,0,0,0,0,0,0,1
"24914",8.63,1,0,0,0,1,0,0,0
"24915",6.16,1,0,0,1,0,0,0,0
"24916",3.3,1,0,1,0,0,0,0,0
"24917",0.49,0,1,0,0,0,1,0,0
"24918",0,1,0,0,0,0,1,0,0
"25231",18.41,0,1,0,0,0,0,0,1
"25232",13,0,1,0,1,0,0,0,0
"25233",12.54,0,1,0,0,0,0,1,0
"25234",11.91,0,1,0,0,1,0,0,0
"25235",7.89,0,1,1,0,0,0,0,0
"25236",3.58,1,0,0,0,0,0,0,1
"25237",3.47,1,0,0,0,0,0,1,0
"25238",3.33,1,0,0,0,1,0,0,0
"25239",3.13,1,0,0,1,0,0,0,0
"25240",2.55,1,0,1,0,0,0,0,0
"25241",0.36,0,1,0,0,0,1,0,0
"25242",0.33,1,0,0,0,0,1,0,0
"25613",32.57,0,1,0,1,0,0,0,0
"25614",27.32,0,1,0,0,0,0,0,1
"25615",26.49,0,1,0,0,1,0,0,0
"25616",22.26,0,1,0,0,0,0,1,0
"25617",15.32,0,1,1,0,0,0,0,0
"25618",8.29,1,0,1,0,0,0,0,0
"25619",7.74,1,0,0,1,0,0,0,0
"25620",4.36,1,0,0,0,1,0,0,0
"25621",3.9,1,0,0,0,0,0,1,0
"25622",1.14,1,0,0,0,0,1,0,0
"25623",1.11,0,1,0,0,0,1,0,0
"25624",0,1,0,0,0,0,0,0,1
"25649",7.49,0,1,0,0,0,0,0,1
"25650",4.26,0,1,0,0,1,0,0,0
"25651",4.24,0,1,0,0,0,0,1,0
"25652",3.9,0,1,0,1,0,0,0,0
"25653",3.71,0,1,1,0,0,0,0,0
"25654",2.28,1,0,0,0,0,0,0,1
"25655",1.55,1,0,1,0,0,0,0,0
"25656",1.26,1,0,0,0,0,0,1,0
"25657",1.2,1,0,0,0,1,0,0,0
"25658",0.99,1,0,0,1,0,0,0,0
"25659",0.41,0,1,0,0,0,1,0,0
"25660",0.4,1,0,0,0,0,1,0,0
"25997",9.53,0,1,0,1,0,0,0,0
"25998",7.57,0,1,1,0,0,0,0,0
"25999",6.78,0,1,0,0,0,0,0,1
"26000",6.26,0,1,0,0,1,0,0,0
"26001",5.59,0,1,0,0,0,0,1,0
"26002",4.02,1,0,1,0,0,0,0,0
"26003",2.12,1,0,0,1,0,0,0,0
"26004",1.5,1,0,0,0,1,0,0,0
"26005",1.05,1,0,0,0,0,1,0,0
"26006",0.92,1,0,0,0,0,0,1,0
"26007",0.41,0,1,0,0,0,1,0,0
"26008",0,1,0,0,0,0,0,0,1
"26345",61.51,0,1,0,0,0,0,0,1
"26346",47.26,0,1,0,0,0,0,1,0
"26347",45.99,0,1,0,0,1,0,0,0
"26348",40.59,0,1,0,1,0,0,0,0
"26349",25.77,0,1,1,0,0,0,0,0
"26350",15.02,1,0,0,0,0,0,0,1
"26351",8.17,1,0,0,0,0,0,1,0
"26352",6.61,1,0,0,0,1,0,0,0
"26353",4.93,1,0,1,0,0,0,0,0
"26354",4.81,1,0,0,1,0,0,0,0
"26355",1.66,0,1,0,0,0,1,0,0
"26356",0.75,1,0,0,0,0,1,0,0
"26465",9.46,0,1,0,0,0,0,0,1
"26466",2.82,0,1,0,0,0,0,1,0
"26467",2.38,1,0,0,1,0,0,0,0
"26468",1.8,1,0,0,0,0,0,1,0
"26469",1.72,0,1,0,1,0,0,0,0
"26470",1.56,1,0,1,0,0,0,0,0
"26471",1.41,0,1,0,0,1,0,0,0
"26472",1.37,0,1,1,0,0,0,0,0
"26473",0.19,1,0,0,0,1,0,0,0
"26474",0,1,0,0,0,0,1,0,0
"26475",0,1,0,0,0,0,0,0,1
"26476",0,0,1,0,0,0,1,0,0
"26777",16.8,0,1,0,0,1,0,0,0
"26778",12.43,0,1,0,1,0,0,0,0
"26779",11.58,0,1,0,0,0,0,0,1
"26780",11.28,0,1,0,0,0,0,1,0
"26781",8.14,0,1,1,0,0,0,0,0
"26782",4.55,1,0,0,0,1,0,0,0
"26783",3.53,1,0,0,0,0,0,1,0
"26784",3.31,1,0,0,1,0,0,0,0
"26785",3.02,1,0,0,0,0,0,0,1
"26786",2.65,1,0,1,0,0,0,0,0
"26787",0.09,1,0,0,0,0,1,0,0
"26788",0.03,0,1,0,0,0,1,0,0
"27149",36.03,0,1,0,0,0,0,0,1
"27150",27.49,0,1,0,0,1,0,0,0
"27151",26.34,0,1,0,0,0,0,1,0
"27152",22.76,0,1,0,1,0,0,0,0
"27153",16.79,0,1,1,0,0,0,0,0
"27154",8.44,1,0,0,0,1,0,0,0
"27155",6.83,1,0,0,0,0,0,1,0
"27156",5.41,1,0,0,1,0,0,0,0
"27157",3.88,1,0,1,0,0,0,0,0
"27158",3.61,1,0,0,0,0,0,0,1
"27159",0.88,0,1,0,0,0,1,0,0
"27160",0.43,1,0,0,0,0,1,0,0
"27497",87.16,0,1,0,0,0,0,0,1
"27498",41.26,0,1,0,0,0,0,1,0
"27499",32.49,0,1,0,1,0,0,0,0
"27500",26.28,0,1,1,0,0,0,0,0
"27501",24.86,0,1,0,0,1,0,0,0
"27502",13.61,1,0,0,0,0,0,1,0
"27503",9.31,1,0,0,0,0,0,0,1
"27504",8.89,1,0,0,0,1,0,0,0
"27505",7.65,1,0,0,1,0,0,0,0
"27506",4.34,1,0,1,0,0,0,0,0
"27507",1.2,1,0,0,0,0,1,0,0
"27508",0.38,0,1,0,0,0,1,0,0
"27761",11.81,0,1,0,0,1,0,0,0
"27762",9.89,0,1,0,1,0,0,0,0
"27763",9.84,0,1,0,0,0,0,1,0
"27764",7.67,0,1,1,0,0,0,0,0
"27765",6.71,1,0,1,0,0,0,0,0
"27766",4.59,0,1,0,0,0,0,0,1
"27767",3.89,1,0,0,1,0,0,0,0
"27768",3.02,1,0,0,0,1,0,0,0
"27769",1.74,0,1,0,0,0,1,0,0
"27770",1.55,1,0,0,0,0,0,0,1
"27771",1.38,1,0,0,0,0,0,1,0
"27772",1.14,1,0,0,0,0,1,0,0
